id,Name,Start,End,Type,Assignee
37,Janeczka Dybell,2018-07-04,2018-07-12,Rennes,Trina Schwandner
57,Josi Phythean,2017-01-26,2017-02-03,Valada,Ali Pinkerton
37,Karee Jollye,2017-01-26,2017-01-30,Virginia,Fraze Agglione
39,Annaliese Crowch,2017-01-26,2017-01-29,Tongjin,Joelie Juden
27,Regina Nyles,2018-07-02,2018-07-05,Lucerna,Micheline Gourley
85,Robert Heynel,2018-06-14,2018-07-09,Sunchales,Inesita Emmer
12,Janina Early,2015-07-15,2015-07-21,Peraía,Brandea Jancey
12,Nan Fynes,2015-09-17,2015-09-20,Thị Xã Lai Châu,Lanni Vettore
52,Pate Duffrie,2016-08-03,2016-08-10,Mujães,Chrysler Markovic
98,Lucias Stickland,2018-07-09,2018-07-17,Sigli,Ashby Dignan
96,Holly Mann,2018-07-24,2018-07-30,Huangchen,Maryjo Flindall
96,Tadio Spira,2018-07-13,2018-07-16,Pámfylla,Simon Bachman
73,Dosi Chalker,2018-07-27,2018-07-29,Viljakkala,Wilmette Ximenez
37,Karon Assender,2018-06-28,2018-07-08,Helsingborg,Maureen Challender
71,Hanson Heustice,2018-07-06,2018-07-08,Kislyakovskaya,Lindsey Crowden
96,Demetri Alecock,2018-07-13,2018-07-20,Santa Marta de Penaguião,Robyn L'Episcopi
70,Lyndell Fullegar,2018-08-19,2018-08-22,Yurla,Wilmer Aliberti
72,Celinka Scneider,2018-07-01,2018-07-14,Jinsheng,Elwin Chatain
37,Kerk Jordison,2018-07-16,2018-07-22,Jiangkou,Myrvyn Bartels
70,Carla Spino,2018-07-15,2018-07-17,Takahama,Kathe Megson
52,Valentina McGiffin,2018-07-08,2018-07-11,Thoen,Myrwyn Whyatt
81,Iormina Kyndred,2018-07-06,2018-07-16,Huangascar,Sigfried Stedmond
37,Ailee Ingledew,2018-07-05,2018-07-09,Tanshi,Nelie Climer
37,Myrilla Northway,2018-07-08,2018-07-14,Emiliano Zapata,Matias Letten
39,Merrie Palfreman,2018-06-29,2018-07-03,Taliouine,Arty Lishman
51,Hedi Skains,2018-07-08,2018-07-11,Dniprodzerzhyns’k,Daffi Moffet
17,Marven Bog,2018-04-08,2018-04-12,Santa Fe,Genevieve Lennie
22,Wald Clyde,2016-12-07,2016-12-09,Artur Nogueira,Rowen Caron
70,Fara Stembridge,2018-07-06,2018-07-09,Quartier Morin,Eleonora Coyish
96,Faina Sapwell,2018-07-28,2018-07-30,Bojonegoro,Xenos Daile
21,Archambault Ferenc,2015-10-17,2015-10-19,Vershino-Shakhtaminskiy,Theodore Caghy
81,Oswell Brownrigg,2018-07-05,2018-07-10,Al Hilāliyya,Nevsa O'Hdirscoll
96,Moore Brittin,2018-07-02,2018-07-06,Géfyra,Corrina Wolsey
90,Melvyn Fairman,2018-07-16,2018-07-20,Moluo,Arlan Matteini
51,Gallard Arnould,2019-01-01,2019-01-03,Uppsala,Micah Filyashin
96,Rogers Huot,2018-07-23,2018-07-30,Pamplona,Adriane Collopy
67,Sondra Heathcoat,2016-03-29,2016-04-02,Bajing,Kari Batcheldor
91,Linc Flood,2017-08-15,2017-08-18,Croix,Tobit Byard
85,Rock Iannuzzi,2018-12-23,2018-12-30,Orlovskiy,Lydie Carrodus
70,Maxim McAirt,2018-12-21,2018-12-26,Tampakan,Cirillo Truett
19,Rudd Ubsdell,2017-12-02,2017-12-30,Górki,Cosmo Sitlington
52,Sigfried Boyse,2018-07-19,2018-07-29,Druzhba,Leonidas Syversen
22,Edgard Oolahan,2018-08-20,2018-09-01,Pochep,Michele Senten
91,Anitra Moryson,2018-10-05,2018-10-07,Reykjanesbær,Lou Deighan
90,Obadiah Bending,2018-09-08,2018-09-13,Qalaikhumb,Eddie Gate
19,Lazaro Chasmar,2018-04-24,2018-04-28,Panchagarh,Holly-anne Ayer
19,Kristofer Kausche,2018-09-11,2018-09-15,Ceres,Isabella Dodsworth
19,Elenore Kliche,2018-09-21,2018-09-23,Yaoundé,Ollie Lambal
91,Noby Burbury,2018-07-30,2018-08-03,Hendaye,Miguelita Eaton
73,Vittorio Mordaunt,2018-05-31,2018-06-04,Sīnah,Bax Kinney
17,Gunilla Thornbarrow,2018-08-08,2018-08-11,Xinglong,Anneliese Widdecombe
6,Reuven Gunn,2016-03-24,2016-03-28,Kamen,Marcel Greim
22,Aguistin Dive,2020-08-24,2020-08-30,Changshan,Albert Cantrell
1,Panchito Keyes,2015-06-20,2015-06-22,La Courneuve,Bevvy Ritson
39,Donna Mosby,2018-08-18,2018-08-20,Forquilhinha,Muriel Gonnard
19,Meggie Dampier,2018-08-19,2018-08-22,Pretana,Zeke Baldery
17,Freemon Kilmartin,2018-07-28,2018-07-31,Chaves,Natty Feldstern
76,Allix Corkish,2016-05-12,2016-05-17,Kerema,Gavra Galbreath
27,Darnall Lowndsbrough,2016-02-13,2016-02-20,Argayash,Seka Furby
51,Nan Klehyn,2017-01-27,2017-01-29,Bīrganj,Glenna Reyna
19,Bernard Dormon,2016-04-20,2016-04-23,Täby,Bette-ann Alessandrucci
73,Samaria Fogarty,2017-01-27,2017-01-30,Carandaí,Lenard Dagg
81,Mellicent Pardie,2018-04-27,2018-04-30,San Carlos,Brandi Willard
90,Laural Duckering,2018-07-01,2018-07-04,Yuli,Jarad Olivelli
27,Verene O' Meara,2016-03-11,2016-03-15,Bacelo,Rourke Postins
27,Kienan Eckh,2017-01-27,2017-03-05,Banjar Geriana Kangin,Aldin Kilpatrick
81,Bealle Thackeray,2017-04-11,2017-04-15,Zásmuky,Milly Tunniclisse
70,Eamon Esselen,2018-05-05,2018-05-07,Annecy,Chane Hallowes
70,Fredia Jeakins,2018-04-15,2018-04-20,Anda,Tressa Skey
37,Cobb Ashurst,2018-05-13,2018-05-15,Avdzaga,Stanford Bambra
81,Orson McNulty,2018-05-20,2018-05-25,Guniushan,Euphemia Brissenden
39,Halimeda Jaynes,2018-04-12,2018-04-13,Toba Tek Singh,Kingsley Syversen
98,Urbain Gook,2018-06-27,2018-07-11,Lacombe,Currey Vowels
72,Geordie Lies,2018-05-15,2018-05-19,Ganquan,Alyosha Wigfall
57,Renell Dohms,2018-06-15,2018-06-18,Ḑubāh,Leeanne McMychem
91,Marnia Blemen,2018-08-11,2018-08-18,Norrköping,Eldon Sharville
4,Buddie Winear,2015-07-29,2015-08-03,Nagutskoye,Janean Aubrey
90,Dianna Soreau,2018-08-19,2018-08-27,Kortkeros,Pollyanna Merrall
37,Gib Bwye,2018-05-11,2018-05-13,Pedra Branca,Latisha Plumley
90,Fabio Sheardown,2018-05-14,2018-05-18,Norton,Rockie Greatreax
85,Wilt Pearse,2018-05-10,2018-05-13,Thị Trấn Yên Châu,Amalee Bonsale
70,Margarita Renachowski,2018-07-12,2018-07-13,Ledok,Gabie Doveston
37,Patten Cavnor,2018-06-02,2018-07-01,San José de Bocay,Vito Grewcock
39,Lory MacEnelly,2018-05-17,2018-05-21,Xinquan,Isiahi McRill
81,Marv Miroy,2018-05-18,2018-05-20,Xiangshan,Merle Sealove
70,Staford McCaughen,2018-05-23,2018-05-25,Kanghe,Valdemar Whistan
95,Hinze Docwra,2017-01-28,2017-01-31,Longmen,Farrel Riccione
70,Stefanie Abrahamoff,2017-01-28,2017-01-30,Yaviza,Henrie Sibley
52,Marlo Weed,2018-05-21,2018-05-25,Bunisari,Eric Blaza
62,Salomo Defrain,2017-01-28,2017-02-01,Brušperk,Fancie Trenaman
87,Roberta Niche,2018-01-01,2018-01-18,Dedenëvo,Hadley Brotherhood
85,Dalenna Vickerstaff,2018-06-20,2018-06-22,Las Vegas,Gerty Guyers
98,Doro MacGahy,2018-05-24,2018-05-27,Bairro Assunção Piedade,Terry McComb
89,Donn Samsin,2018-05-16,2018-05-22,Kamalasai,Estella Corking
54,Rebeca Turneux,2016-05-06,2016-05-08,Motala,Humfried Yirrell
72,Vally Perelli,2018-08-04,2018-08-08,Tosontsengel,Aurel Buckie
98,Jacynth Gelderd,2018-07-09,2018-07-16,Muḩradah,Kerrill Greenside
70,Linoel Schiersch,2018-09-01,2018-09-04,Akebielidou,Hew Barbie
19,Chiquita Maffi,2018-06-15,2018-06-18,Gushikawa,Florence Gamage
70,Esther Ort,2018-06-12,2018-06-13,Buje,Sigismundo Antognazzi
51,Brenda Jaspar,2018-09-15,2018-10-03,Mernek,Durante Pibworth
98,Haze Willgress,2017-01-28,2017-01-31,Chocos,Wayne Spencock
96,Damiano Blumson,2018-06-30,2018-07-02,Brezovica,Tabby Constant
81,Margery Gawke,2018-07-05,2018-07-10,Salvacion,Quinton Antusch
85,Phyllis Riddiough,2018-08-14,2018-08-20,Gaoqiao,Cassy Kettlestringes
70,Adlai Degoy,2018-08-11,2018-08-13,Nouvelle France,Alie Kock
98,Ryann Schinetti,2016-08-06,2016-08-08,Midões,Augustina Grist
39,Edy Brotherhead,2018-07-03,2018-07-10,Tsementnozavodskiy,Tommie McShane
73,Clo Maywood,2018-07-28,2018-08-04,Yelan’,Trefor Brugemann
51,Zebulon Robelet,2018-09-16,2018-09-18,Guiping,Ray Aucoate
19,Rebecka Ciardo,2017-01-28,2017-03-04,La Celia,Aleece Blincow
70,Kelwin Lotze,2018-08-13,2018-08-17,Sines,Jimmie Silverston
70,Tatum De La Salle,2018-08-23,2018-08-29,Hualin,Nisse Goldsberry
91,Ema Girk,2018-08-18,2018-08-23,Shklo,Nicoli Monnoyer
72,Moses Wadwell,2018-07-31,2018-08-31,Benghazi,Laird Easseby
72,Cortie Wallicker,2018-08-31,2018-09-30,Turka,Chastity Coley
67,Rubi Southerns,2017-01-29,2017-02-01,Bethanie,Emmott Featherstonhaugh
37,Mirabel Fontenot,2018-07-13,2018-07-15,Newcastle,Marius Newhouse
85,Oneida Bouldstridge,2018-08-16,2018-08-23,Emmen,Dulcine Hasling
70,Garvin Shearwood,2018-06-25,2018-06-28,Mardā,Tara Nansom
85,Rodney Bragginton,2018-08-24,2018-08-30,Episkopí,Levy Rickert
73,Elga Wildbore,2018-06-20,2018-06-22,Jiahe,Timothee Goodinge
88,Riannon Lepope,2018-07-11,2018-07-15,Alvega,Breanne Ivashov
98,Sherwin Burbank,2018-03-16,2018-03-21,Oslo,Grayce Medway
39,Bevin Gwynn,2018-07-24,2018-07-26,Stockholm,Husein Bletsoe
67,Crissie Dimblebee,2017-01-29,2017-02-01,Norsborg,Vernon O'Howbane
68,Katuscha Pilgrim,2017-01-30,2017-02-02,Prado,Woodie Kynton
27,Laurianne Komorowski,2018-07-03,2018-07-08,Kościerzyna,Northrup Carlesso
51,Alessandra Ganning,2018-08-14,2018-08-17,Motala,Sibella Gue
51,Cirstoforo Erangey,2018-08-10,2018-08-15,Philadelphia,Selma Reboulet
90,Catherin Deboo,2018-07-06,2018-07-10,Yajiwa,Ramonda Biasioli
27,Kathlin Nickolls,2018-05-01,2018-05-05,Łapczyca,Joleen Bringloe
12,Fabiano Machan,2015-07-13,2015-07-15,Pak Phanang,Clio Martinet
51,Nertie Kunisch,2018-07-11,2018-07-13,Palalang,Starr Canton
98,Arielle Luthwood,2018-06-01,2018-06-12,Tancheng,Mela Blissitt
39,Maynord Meni,2018-06-07,2018-06-11,Brakas,Humberto Crolly
73,Lorri Livingstone,2018-06-03,2018-06-05,Gordon Town,Chancey Thompson
81,Astrix Pierrepoint,2018-06-23,2018-06-26,Wugong,Wallis Clubley
81,Miof mela Alpes,2018-02-03,2018-02-06,Zhentian,Papagena McIlmorow
95,Shawna Jachimiak,2018-02-11,2018-02-14,Chok Chai,Shelbi Foulsham
73,Millicent Scourgie,2018-06-06,2018-06-09,Shiling,Dredi Sheircliffe
22,Trixy De Ruggiero,2018-06-09,2018-06-13,Miyazu,Ivory Bedward
72,Kamilah Tourne,2018-01-02,2018-01-09,Mayo,Melloney Malimoe
88,Issiah Cicconettii,2019-03-17,2019-03-31,Petropavlovsk,Felix Lotte
23,Eveline Lavalle,2015-09-26,2015-09-29,Stockholm,Bibbie Ruddin
51,Ugo Bertomieu,2016-03-08,2016-03-11,Tsiroanomandidy,Kain Beecheno
59,Terrie Bunker,2016-03-27,2016-03-31,Tchoban Bey,Beauregard Bramer
51,Issiah Elleton,2017-02-11,2017-02-18,Ialibu,Hedwiga Giacomo
4,Rex Backshill,2017-03-18,2017-03-20,Chittagong,Rochester Gentreau
85,Eamon Starkie,2018-07-12,2018-07-18,Patarrá,Derrick Fawdrie
51,Ainslie Talby,2018-07-06,2018-07-08,Pelileo,Dewie Heales
63,Coraline Flatman,2017-04-13,2017-04-16,Xilaiqiao,Dierdre Dilks
59,Torr Klesl,2016-08-02,2016-08-09,Tharyarwady,Malorie Schwander
96,Gian Dahlgren,2018-09-02,2018-09-04,Färjestaden,Damara Chilver
98,Pall Alenin,2016-12-25,2016-12-29,Memphis,Hamlin Cristofanini
17,Herbie Shears,2018-07-19,2018-07-24,Limassol,Trey Wren
85,Jaquith Dearl,2018-04-18,2018-04-23,Palmerston North,Maxwell Lorie
91,Kristoffer Harper,2018-04-14,2018-04-15,Zarumilla,Paolina Hale
37,Leandra Durn,2018-07-12,2018-07-19,Bancak Wetan,Peter Popley
98,Kingsley Paff,2018-04-14,2018-04-17,Leiden,Gertrude Aizik
52,Rasla Futcher,2018-02-24,2018-03-03,Sáchica,Albertina Smye
88,Lia Pankethman,2018-03-06,2018-03-10,Greater Napanee,Athena Heritege
70,Rivkah Brantl,2018-03-06,2018-03-10,Sorodot,Helen-elizabeth Bessom
98,Kyle Shurlock,2017-04-06,2017-04-10,Dalam,Ashely Eliet
91,Chilton Raittie,2018-03-29,2018-03-30,Jesús María,Shela Courtney
5,Pattie Vicioso,2017-04-10,2017-04-14,Cigintung,Electra Cicculini
70,Candide Wickey,2018-08-17,2018-08-19,Bayramaly,Michelina Godbold
22,Gabrila Beeson,2018-04-27,2018-04-29,Springfield,Ella Oppery
90,Marlo Peeke,2018-03-04,2018-03-10,Gedian,Heinrik Brehault
88,Marin Snaddon,2018-02-26,2018-03-05,Xinhua,Nancie Child
39,Barron Mussard,2018-07-17,2018-07-20,Fushë-Muhurr,Misha Shoobridge
15,Obed Checcuzzi,2015-09-25,2015-10-05,Uthai Thani,Kalina Greer
81,Marjy Gawkroge,2018-07-10,2018-07-13,Lenchwe Le Tau,Timofei Lipprose
85,Gordan Fernley,2018-04-12,2018-04-17,Petushki,Grissel Paylor
88,Fair Shewon,2018-04-20,2018-04-25,Tras Cerros,Clerc Jannex
81,Bailey Eathorne,2018-04-18,2018-04-23,Panjing,Whitney Shitliffe
19,Lauri Abrahmovici,2018-03-02,2018-03-07,Gurlan,Orsa Meigh
52,Gerrard Esser,2016-05-12,2016-05-16,Hezuo,Mylo Hutable
90,Stirling Wishart,2018-02-04,2018-03-04,Qianguo,Jaimie Vasiliev
98,Lil Shadwick,2018-03-27,2018-04-01,Dazi,Alfie Robion
27,Kaine Braganza,2018-04-01,2018-04-04,Batugede Kulon,Wilden Studman
55,Nance Creus,2016-05-19,2016-05-26,Changning,Kore Waymont
15,Florencia Allgood,2015-08-10,2015-08-20,Changdai,Kimberley Renner
81,Editha Balogh,2018-03-28,2018-03-30,Viana do Alentejo,Valina Wythill
70,Chrisse Jermy,2018-03-17,2018-03-21,Fenggang,Ruthy MacTrustram
81,Con Cardon,2017-01-30,2017-02-03,Cabricán,Andrei Kruschev
22,Kennedy Nyles,2018-08-10,2018-08-15,Borzęta,Sayers Charlesworth
73,Carmelia Rigate,2018-03-16,2018-03-19,Oof,Cathie Bessey
70,Michale McNae,2018-08-01,2018-08-02,Cernache do Bonjardim,Barbra Kulver
57,Nevins Chomiszewski,2017-04-12,2017-04-15,Hammam Sousse,Arlene Ranns
57,Mia Linggood,2016-07-25,2016-07-31,Al Jumūm,Lise Darnbrook
96,Chase Rabl,2018-03-22,2018-03-25,Chrysoúpolis,Cyndie Craigs
89,Elka Ferminger,2018-05-01,2018-05-02,Longbo,Dolly MacKereth
96,Erda Wane,2018-03-08,2018-03-12,Tyresö,Kearney Ledwitch
98,Hebert Gabriely,2018-03-01,2018-03-09,Agen,Gaspard Jedrzejewsky
91,Sid Jordine,2018-08-15,2018-08-17,Vila Viçosa,Ced Abrahamowitcz
73,Peyton Laxtonne,2018-04-05,2018-04-14,Dongming,Devina Trundler
73,Marji Bawdon,2018-04-25,2018-04-29,Napoli,Aimil Shrubsall
51,Chaddy Clampton,2018-03-09,2018-03-13,Bourg-en-Bresse,Clo Belward
96,Obadias Dowgill,2018-04-13,2018-04-15,Yandev,Wallas Trusdale
51,Waverly Dust,2018-04-11,2018-04-15,Pridraga,Patience Safell
22,Gwendolin Whistlecraft,2018-03-30,2018-03-31,Tinabogan,Teodorico Tregunnah
96,Judah Wix,2018-03-13,2018-03-18,Port Washington,Bella Pankhurst.
15,Caresse Rawson,2016-08-08,2016-08-10,Seia,Merill Zupa
90,Carly Staff,2018-03-30,2018-04-01,Karakulino,Wyn Cranch
96,Benedetto Boscher,2018-03-18,2018-03-21,Lukovë,Harlan Amdohr
22,Julita Weich,2018-05-07,2018-06-06,Usukhchay,Donnamarie Maymond
73,Jarred Sheppey,2018-08-07,2018-08-09,Valbonë,Rowen Wyld
95,Eileen Bewly,2018-01-10,2018-01-14,Gaoliban,Bjorn Jirek
55,Terrye Draude,2016-05-19,2016-05-26,Nularan,Justino Fillis
70,Asa Elliot,2018-03-01,2018-03-03,La Sierpe,Lanie Huelin
55,Lucais Rivenzon,2016-05-19,2016-05-26,Baltimore,Jolie Dei
88,Pammie Sondland,2018-05-23,2018-05-26,Krapina,Urson Drewell
96,Selina Starrs,2018-04-18,2018-04-23,Ōiso,Joachim Chave
52,Janella Renton,2017-04-27,2017-04-29,Karamat,Sharla Toplin
52,Donella Alderman,2018-03-25,2018-03-30,Doetinchem,Reider Dalla
70,Janeen Olyet,2018-12-26,2018-12-30,Wenxing,Emmalynn Ivshin
67,Adair Lipscomb,2018-01-15,2018-01-18,Taber,Octavius Taylo
73,Lora Towner,2018-05-16,2018-05-19,Anshun,Leena Kincaid
95,Aurore Arends,2016-08-08,2016-08-15,Kāmyārān,Lynde Stanbra
89,Aurelie Melmore,2018-03-15,2018-03-18,Al ‘Udayn,Stevana Hartridge
73,Giana Arnowitz,2016-06-23,2016-06-27,Losari,Arabella Ralton
39,Anderea Stacey,2018-01-12,2018-01-17,Clondalkin,Ealasaid Hufton
51,Tabatha Persicke,2018-02-25,2018-02-28,Beishidian,Rand De Carteret
10,Yorgos Willbourne,2015-06-23,2015-06-27,Anār,Efrem Kagan
19,Irving Willford,2018-04-13,2018-04-17,Spitsevka,Fremont Farge
72,Waverley Buxcy,2018-02-23,2018-03-01,Milwaukee,Tasha Gristwood
96,Glenn Ipsgrave,2018-03-02,2018-03-05,Lianpeng,Thacher Vawton
51,Juliane Dresse,2018-03-16,2018-03-19,Włoszczowa,Quinta Skarr
98,Betteann Janoschek,2018-03-22,2018-03-24,Kansas City,Sher Mazzia
39,Avivah Vernau,2018-01-23,2018-01-28,Reims,Sonja Carding
98,Prent Gallichan,2018-03-09,2018-03-11,Khalīlābād,Joana Chew
51,Candace Scarrisbrick,2018-08-03,2018-08-07,Purísima,Goran Oels
52,Raddie Balston,2018-01-30,2018-02-06,Ad Dasmah,Corny Gouldie
52,Janaya Elph,2018-03-19,2018-03-22,Yangdi,Modesta Tarrier
96,Lynde Seywood,2018-04-06,2018-04-10,Kalutara,Damiano Shorto
90,Harwilll Ledgister,2018-01-31,2018-02-04,Sydney South,Denys Nassi
88,Mariejeanne Enefer,2018-01-05,2018-01-12,Castlebridge,Noah Brackpool
81,Trace Bethell,2018-03-13,2018-03-16,Dimayon,Tamas Bloschke
90,Keenan Leif,2018-03-10,2018-03-14,Chefchaouene,Margy Peckham
70,Tamarah Dunniom,2018-01-19,2018-01-21,Fundong,Patrizia Davidovsky
18,Tim Lease,2017-04-27,2017-05-04,Nandong,Jordanna Vasyukhin
39,Lenci Sex,2018-01-03,2018-01-08,Fílla,Genovera Fernihough
81,Felicity Reville,2018-01-18,2018-01-21,Londres,Milli Kupka
88,Caldwell Mayhew,2018-02-22,2018-02-26,Kuma,Thomasina Spurriar
70,Andree Jeandin,2018-01-03,2018-01-07,Angkahgede,Elora Rocks
51,Marion Lackemann,2018-01-01,2018-01-05,Covão,Noellyn De Mitri
73,Dietrich Presho,2018-02-22,2018-02-26,Ainaži,Cordy Turrell
51,Freemon Shadfourth,2018-01-05,2018-01-07,Juvisy-sur-Orge,Papagena Purshouse
70,Berry Hazeldene,2018-03-03,2018-03-05,Nanhe,Siana Rubee
94,Kali Ninnotti,2018-03-23,2018-03-25,Colón,Kirsten Oslar
70,Holt Osban,2018-02-02,2018-02-05,Chengdong,Gracie Beartup
96,Jordanna Goding,2018-03-27,2018-03-29,Herrljunga,Othilia Tiddy
51,Glynis Wiburn,2018-02-02,2018-02-06,Ipaba,Liuka McGuinley
70,Nedda Baggaley,2018-02-10,2018-02-15,Dayong,Colline Maraga
22,Harriot Stein,2018-03-16,2018-03-17,Degeberga,Jennette Okey
81,Valeda Leindecker,2018-03-22,2018-03-28,Lok,Marshall Earry
70,Gawen Borwick,2018-02-16,2018-02-20,Dob,Heywood Plaskitt
61,Kellina Britland,2016-04-01,2016-04-04,Khisarya,Shandy Janecki
95,Skippie Pleaden,2018-01-18,2018-01-21,Kaleybar,Marcie Abrahamowitcz
39,Hymie Mizzen,2018-04-03,2018-04-05,Gubat,Cordelia Biernat
67,Ree McKinnon,2016-12-22,2016-12-27,Villa Nueva,Sherwood Ritelli
5,Konrad Ugolini,2018-05-01,2018-05-04,Staré Hradiště,Julia Pantecost
39,Godwin Frostdyke,2018-04-09,2018-04-12,Anzhero-Sudzhensk,Tibold Lilliman
20,Reggis Kenington,2015-09-03,2015-09-08,Poctol,Hansiain Assante
52,Julina Morgue,2018-03-14,2018-03-19,Tianchi,Annabela Akid
96,Marie Westlake,2018-06-03,2018-06-05,Maromme,Robin Kitcher
52,Kaia Vian,2018-04-01,2018-04-06,Clifden,Joanna Hamal
52,Meggi Elmhurst,2017-04-13,2017-04-16,Chexi,Lettie Burgan
90,Harris Morigan,2018-04-07,2018-04-09,Santa Elena,Effie Pyecroft
98,Blanch Wingate,2018-04-11,2018-04-14,Sumbawa Besar,Trisha Crosseland
90,Delcine Tradewell,2018-03-23,2018-03-30,Sinarwangi,Clement Lomond
73,Phil Allsepp,2018-04-23,2018-04-25,Jurh,Alia Reye
52,Rosalinde Rozenzweig,2018-04-17,2018-04-23,Shah Alam,Boniface Bonavia
51,Jana McIlwraith,2018-03-21,2018-03-26,Al Mayādīn,Brooks Gobourn
52,Willamina Gravenell,2018-01-27,2018-01-30,Sima,Ninon Sara
39,Shaylynn Rastrick,2018-01-02,2018-01-04,Skoki,Arnoldo Sirmon
94,Moria Whaley,2018-04-16,2018-04-18,Kommunar,Gilda Fall
81,Hollis Hardi,2018-03-30,2018-04-02,Ubaté,Caye Aisbett
73,Cordell Rougier,2018-03-31,2018-04-02,Hane,Udall Wolfart
88,Coleen Warcop,2018-03-29,2018-04-04,Tecka,Aleksandr Ramsdell
73,Meggi Southby,2018-04-14,2018-04-21,Stockholm,Kinny Dewhirst
85,Carie Valentelli,2018-04-21,2018-04-28,Agoncillo,Gusella Mantz
51,Jory Rickards,2018-04-02,2018-04-09,Banjar Batuaji Kaja,Jobi Raikes
19,Hussein Botler,2018-03-30,2018-04-03,Yuandun,Farr Ameer-Beg
51,Bail Sulter,2018-02-23,2018-02-25,Luoping,Ase Bails
17,Ferdy Wesson,2020-08-19,2020-09-19,Jiujiang,Thom Treasaden
70,Catrina Renac,2018-03-22,2018-03-25,Banjar Pasekan,Paulo Walisiak
85,Kennett Gadie,2018-04-16,2018-04-23,Charat,Cherida Pulham
73,Sarene Yurkiewicz,2018-03-26,2018-03-30,Kangar,Lydon Conaboy
96,Raina Ackenhead,2018-03-26,2018-03-29,Chornorudka,Silvain Atwater
96,Norrie Swanton,2018-03-31,2018-04-02,San Jerónimo,Richart Seville
88,Melisande Emtage,2018-03-22,2018-03-27,Rana,Kessiah Ready
45,Roderic Beavers,2016-07-11,2016-07-18,Catende,Clair Meeks
81,Hetty Burgne,2018-04-14,2018-04-16,Jincheng,Annaliese Wrate
5,Peadar Genge,2018-04-19,2018-04-22,Makoua,Lin Bomb
5,Sybille Browning,2018-05-14,2018-05-16,Babat,Carole Waddell
22,Dew Kettow,2019-09-02,2019-09-09,Mont-Dore,Teddie Huske
70,Oren Huntriss,2021-01-02,2021-01-31,Tower,Jilly Layburn
96,Judith Heasley,2018-01-14,2018-01-16,Arzakan,Pauli Shore
5,Kenyon Fullun,2018-04-20,2018-04-23,Consolación del Sur,Ruddie Bowstead
45,Luciano Kerwood,2016-07-11,2016-07-18,Quimper,Magnum Longhorne
88,Leif Prandi,2020-02-24,2020-02-29,Verkhniye Kigi,Francene Finnigan
5,Cale Partener,2018-04-19,2018-04-24,Berlin,Reena McKane
81,Brianna Cottill,2018-02-06,2018-02-12,Murfreesboro,Bailey Kretschmer
70,Claudetta Sturt,2019-08-25,2019-08-26,Maganha,Haley Stempe
73,Rafaelita Nekrews,2018-05-04,2018-05-06,Galūgāh,Lawton Abrahamovitz
81,Cassie Kayser,2016-05-25,2016-05-29,Zheshan,Dannie Garr
51,Ranna Cowlishaw,2019-11-03,2019-11-08,Longmen,Prescott Rickwood
51,Carrissa Balassi,2016-06-24,2016-06-26,Terangun,Rad Kivelhan
51,Krystalle Frankom,2016-07-26,2016-07-29,Cibolang,Lucio Champney
89,Murdock Bonus,2019-04-15,2019-04-18,Namioka,Bartholemy Amott
59,Garreth Oran,2016-04-23,2016-04-30,Fengjiang,Neile Rillett
19,Quinlan Adamovitz,2019-09-03,2019-09-07,Apartadó,Melisandra MacFarlane
81,Lorette Shucksmith,2018-04-15,2018-04-18,Cikai,Pansy Aldhouse
77,Vincenty Jeannesson,2016-09-16,2016-09-23,Lagoaça,Scot Robelin
32,Stevie Shevlan,2015-12-19,2015-12-22,Warwick,Doyle Cawthry
22,Larine Blaske,2019-08-05,2019-08-16,Shiogama,Derward Biasotti
22,Siouxie Maslin,2019-08-14,2019-08-22,Neiva,Hi Lazar
70,Harri Somerbell,2019-08-14,2019-08-15,Pereira,Itch Olivazzi
70,Rowan Ney,2016-09-16,2016-09-19,Tul’chyn,Andras Hartell
17,Jo-ann Abby,2020-07-01,2020-07-15,Glondong,Sandye Greystock
22,Yancy Seebert,2020-07-18,2020-07-27,Czarnowąsy,Innis Gavozzi
97,Mahalia Testin,2016-09-21,2016-10-22,Kekeran,Vidovik Trytsman
39,Jarad Whiffin,2018-05-27,2018-05-31,Castro,Cam Ovett
70,Norrie Gout,2019-09-15,2019-09-17,Phan Thong,Elsa Rives
17,Cordi Flaherty,2020-09-24,2020-10-01,Lishu,Bradford Horlick
81,Irwin MacArte,2018-03-18,2018-03-23,Thị Trấn Việt Quang,Carolee Puttergill
73,Shannan Downton,2017-02-05,2017-02-09,Banocboc,Lacey Filipowicz
22,Arlyn Romagnosi,2020-04-05,2020-04-11,Rudnya,Nettle Lincoln
73,Hailey Gouny,2017-02-05,2017-02-09,Wanquan,Adelheid Corney
62,Stace Petr,2016-09-21,2016-09-23,Chernoyerkovskaya,Sheila-kathryn Tearney
85,Shari Lampen,2018-06-21,2018-06-25,Skaudvilė,Livia Costan
70,Tremaine Barttrum,2019-08-31,2019-09-05,Fanrong,Marsiella Lapwood
52,Sandy Lethardy,2018-03-30,2018-04-01,Tungguwaneng,Kippie Clear
83,Clayborn Bruhnicke,2016-09-21,2016-10-15,Ubaitaba,Sianna Ebbins
73,Tildie Jerzyk,2018-04-25,2018-04-29,Zhangbei,Franny Lindholm
98,Ofelia Kick,2018-05-18,2018-05-21,Nunhala,Penrod Palfreyman
70,Sammy Gentner,2020-07-14,2020-07-31,Dresden,Daniel Edinburgh
17,Tabbie Wison,2020-07-01,2020-07-08,Wojcieszków,Nat Manklow
63,Clarisse Weatherhill,2016-09-21,2016-09-28,Kaleybar,Anna-maria Giottoi
88,Catriona Roswarne,2019-06-28,2019-07-02,Ayrihuanca,Flin Manna
22,Lonnie Minette,2020-11-05,2020-12-03,Louisville,Tasha Flew
71,Leandra Nutley,2018-03-21,2018-03-23,Limoges,Kissee Seal
70,Hillard Easum,2020-07-27,2020-07-31,Colorado Springs,Davida Lackey
68,Wells Sebley,2017-05-18,2017-05-22,Sauce,Britni Mathon
57,Lee Farrears,2017-02-05,2017-02-18,Villa Nueva,Kakalina Lehrmann
70,Leandra Valance,2018-04-23,2018-04-25,Dagsar,Diann Block
5,Flori Dunphy,2018-05-24,2018-05-27,Yutou,Erena Hamblin
52,Leontyne Gavin,2018-06-03,2018-06-05,Guimba,Tiertza McDoual
44,Quintilla Butt Gow,2017-02-07,2017-02-13,Pamplona/Iruña,Norrie Ferrucci
5,Henry Cherryman,2017-02-07,2017-02-14,Porsgrunn,Butch Tschersich
37,Janetta Starsmore,2018-05-16,2018-05-18,Gubuk Daya,Darbee Ludwig
19,Norman Alvares,2019-08-06,2019-08-11,La Paz,Jeramey Rodgier
70,Lanette Hiddsley,2020-11-27,2020-11-30,Haugesund,Luelle Bresnen
27,Adriana Dillistone,2018-06-23,2018-06-25,Płoniawy-Bramura,Craggie Jee
22,Margarete Seston,2020-09-07,2020-09-10,Kyzyl-Kyya,Doris Hallard
27,Aindrea Rowles,2017-02-09,2017-02-14,San Juan,Benita Hesey
97,Hamnet Brimman,2017-02-21,2017-03-02,Sokolo,Quincy Stainbridge
70,Melisse Nern,2020-10-02,2020-10-05,Aného,Tracey Gilfoy
67,Yehudi Stair,2018-05-10,2018-05-13,Laojiangjunjie,Isahella Connerry
37,Octavia Conen,2018-05-17,2018-05-21,Nuku‘alofa,Fredra Gaffer
57,Claresta Cacacie,2016-09-22,2016-09-26,Hwaseong-si,Hardy Graveson
22,Rollo Antonognoli,2016-09-24,2016-09-25,Guaynabo,Ramsay Martinuzzi
52,Brandais Welton,2017-02-24,2017-02-28,Segezha,Marylynne Di Giacomettino
22,Corrianne Fillary,2020-09-05,2020-09-06,Orleans,Ailee Stebbing
71,Salli Pedersen,2018-04-17,2018-04-22,Wulong,Gayelord Raff
81,Hy Vittore,2016-10-04,2016-10-08,Jieguanting,Emerson Trunks
88,Odey Gobourn,2020-07-05,2020-08-02,Liangli,Britte Franzonello
88,Candi Naper,2018-04-07,2018-04-13,Ágios Efstrátios,Nona Wesgate
70,Lonnie Danilyuk,2019-08-25,2019-08-26,Albi,Janice Colclough
85,Faulkner Board,2016-12-28,2017-01-01,Pantaibesar,Doll McWilliam
67,Lelah Catford,2018-02-01,2018-02-04,Bayt Ta‘mar,Giovanni Bennedsen
90,Benito Humber,2018-04-12,2018-04-17,Picungbera,Matias Falls
5,Diandra Biggs,2018-03-12,2018-03-16,Sala,Hilly Risman
73,Bernarr By,2018-05-15,2018-05-21,Pobé,Shina Martinot
96,Kyla Claus,2018-05-03,2018-05-05,Menggala,Lamont MacNamee
73,Kerrin Shearme,2018-03-29,2018-04-02,Notre-Dame-des-Prairies,Evin Hunnicot
52,Wenda Goalby,2018-04-23,2018-04-25,Baishuiyang,Dewitt Auten
81,Hector Steane,2018-02-25,2018-03-03,Ceará Mirim,Tally Clewarth
19,Sharlene O'Rowane,2018-05-26,2018-05-28,Itaparica,Lissi Spillane
67,Vite Kynnd,2018-02-14,2018-02-18,Aco,Cristy Spyvye
39,Blanche Polhill,2016-01-19,2016-01-23,Tabug,Farrell Bedwell
17,Nikolas Keniwell,2021-01-09,2021-01-17,Carpentras,Ora Rusk
39,Junina Ditty,2017-04-16,2017-04-21,Bokor,Gaspar Pentland
70,Hamlen Chason,2017-01-20,2017-01-23,Salamrejo,Clem Crawley
27,Augusta Haet,2018-04-25,2018-04-30,Göteborg,Babbette Prati
22,Denni Brann,2019-10-16,2019-10-18,Yukuhashi,Analiese Strethill
90,Janina Littrick,2018-02-24,2018-03-02,Hausjärvi,Debbi Glazer
57,Halette Coggings,2017-08-23,2017-08-31,Muheza,Shantee Spickett
85,Ellynn Shillum,2019-11-02,2019-11-08,Kamensk-Ural’skiy,Brant Sylett
39,Lora Connold,2017-01-30,2017-02-04,Ondangwa,Carny Grumell
5,Margette Pallent,2018-06-06,2018-06-11,Serawai,Gwendolyn Thatcher
88,Dugald Smalles,2020-09-27,2020-10-10,Svilengrad,Kristofer Kenzie
17,Nonnah Chinery,2018-05-10,2018-05-14,Strömsund,Elane Ros
51,Lishe Sleeford,2018-05-18,2018-05-25,Amieira do Tejo,Erasmus Eminson
70,Bertrand Moggle,2019-09-21,2019-09-22,Gampang,Holt Highton
73,Dorey Taylo,2018-03-30,2018-04-02,Saraburi,Josey Harper
17,Tedra Lumsdall,2020-08-18,2020-08-22,Laocheng,Jammal Dowe
73,Reid Bowle,2018-06-04,2018-06-06,Hualin,Margo Ballentime
39,Denyse Glenister,2018-05-06,2018-05-08,Gucheng,Robbyn Galpen
19,Netti Pilfold,2018-03-03,2018-03-05,Stoszowice,Sonja Hessing
67,Dorita Allsworth,2017-01-20,2017-01-23,Itaituba,Joyce Bale
70,Hamish Bercher,2018-05-23,2018-05-26,Poctol,Nelie Pauley
98,Alysia Hurdedge,2018-02-08,2018-02-15,Malinovoye Ozero,Britteny Sigward
27,Sargent Paske,2018-05-26,2018-05-30,Đống Đa,Lanita Grube
70,Elliott Cotte,2018-02-07,2018-02-09,Kiukasen,Ardys Cadany
98,Laryssa Leek,2018-02-09,2018-02-13,Malalag,Meade Hanmer
70,Amalea Zimmermeister,2018-04-28,2018-05-01,Komsomol’skiy,Ellynn Benois
85,Sydelle Gilfoy,2019-11-08,2019-11-17,Bantul,Maryann Carwithan
96,Adlai Comelini,2018-02-01,2018-02-05,Cubará,Terri-jo Hargrove
85,Thalia Roiz,2019-10-21,2019-10-25,Zhagang,Cordy Revie
19,Sorcha McIlvoray,2017-12-30,2018-01-27,Baro Kunda,Burch Tomaini
51,Torrin Lighterness,2019-10-25,2019-10-28,Daet,Brew Raffin
70,Kristyn Hebblewaite,2018-04-01,2018-04-04,Lirang,Elsy Van Leijs
51,Chlo Strover,2018-02-10,2018-02-12,Maba,Even Mathey
95,Lynnet Biggam,2018-07-28,2018-08-11,Baga Borihe,Phelia Girtin
71,Lucila Pierse,2018-02-21,2018-02-25,Zhixia,Betteanne Fridaye
52,Lorilee Gray,2018-02-10,2018-02-14,Gorzów Śląski,Benetta Howison
81,Shayla Risebrow,2018-01-01,2018-01-03,Jindaoxia,Inglis Perritt
39,Jared Doree,2018-04-26,2018-05-02,Baitashan,Nickolai Winwood
43,Lorettalorna Martins,2018-01-17,2018-01-22,San Juan Bautista,Darrin Cheater
98,Norri Garn,2018-02-23,2018-02-26,Akunk’,Pamella Poupard
51,Ly Sesser,2018-01-11,2018-02-11,Gumalang,Dorothy Buckett
67,Isidor Dawidowitz,2017-01-23,2017-01-29,Ḏânan,Emelia Skerratt
68,Archibald McMichan,2017-01-23,2017-01-26,Xinó Neró,Marcellina Lorenzini
67,Lita Fehners,2017-01-23,2017-01-29,Jiangnan,Fedora Danielsky
57,Christy Volk,2017-01-24,2017-01-31,Elekmonar,Dexter Burchfield
18,Kiele Voden,2018-01-22,2018-01-29,Shagonar,Carson Viger
57,Alfie Girodin,2017-01-26,2017-02-03,Thị Trấn Nghèn,Berton Garbett
90,Frasquito Corbet,2018-03-31,2018-04-05,Lourdes,Roselin Rostron
51,Alissa Raulstone,2017-01-27,2017-01-29,Wangchang,Jelene Slipper
81,Huey Butt Gow,2017-01-30,2017-02-03,San Pedro,Michaela Domerque
96,Erin Cobbold,2018-01-02,2018-01-04,Vlissingen,Kristos Jimpson
95,Shepherd Kirkby,2017-02-01,2017-02-06,Pura,Leandra Flear
52,Geoff Padly,2017-02-02,2017-02-04,Juiz de Fora,Say Plaide
52,Enrika Shemmans,2017-02-04,2017-02-09,Staré Město,Ric Polgreen
52,Cal Sterrick,2017-02-10,2017-02-18,Mellieħa,Shea Coucha
89,Sonnie Brigginshaw,2017-02-12,2017-02-16,Carcassonne,Daphene Mc Caughen
10,Brendin Godridge,2015-07-10,2015-07-13,Marseille,Jacquenetta Ruzek
67,Lilly Stores,2017-02-13,2017-02-15,Ilihan,Verne Meeson
67,Yves Marlen,2017-02-15,2017-02-17,Hamada,Renaud Petraitis
81,Floria Fullerlove,2017-02-18,2017-02-20,Matviyivka,Sharron Denham
70,Yves Ruggiero,2017-02-19,2017-02-22,Yovon,Max Linde
51,Lia Hourston,2017-02-19,2017-02-22,Jijiga,Clay Sandcroft
5,Esdras Aubri,2017-02-20,2017-02-28,Shiyu,Margret Milesop
21,Dolley Wallis,2015-07-10,2015-07-12,Staroshcherbinovskaya,Wendye Lantaff
97,Jerrine Gages,2017-02-21,2017-03-02,Uva,Jacky Polley
95,Tynan Stanmer,2017-02-22,2017-02-26,Toledo,Auguste Starsmore
36,Nicolais Levens,2017-02-22,2017-02-26,Yunmen,Aretha Pagelsen
98,Lisette Stivani,2017-02-23,2017-02-26,Kępno,Ardenia Sweetman
98,Oralla Milham,2017-02-23,2017-02-26,Liboro,Fidelia Bellchamber
98,Ladonna Loren,2017-02-23,2017-02-26,Atipuluhan,Marta Hanshawe
98,Jonell Scraney,2017-02-23,2017-02-26,Atães,Spenser Kilshall
72,Maritsa Eynon,2017-02-23,2017-02-28,Priiskovyy,Leslie Wilgar
96,Tiffie Cassidy,2017-02-24,2017-02-28,Sibubuhan,Basilius Wooles
5,Kaitlynn Linforth,2018-01-21,2018-07-19,San Antonio,Kylie Toombes
87,Bogart Udden,2018-01-01,2018-01-04,Ngurensiti,Aleksandr McCully
22,Abram O' Lone,2018-02-07,2018-02-12,Hanzhong,Jaimie Behning
19,Babita Palphramand,2018-04-12,2018-04-14,Longqiao,Chloette Callister
88,Celina Sinton,2018-02-10,2018-02-25,Berlin,Jim Mc Carroll
52,Mel Adolthine,2017-02-25,2017-02-27,Chonogol,Conant Leming
62,Allegra Kobes,2017-02-28,2017-03-05,Balibago,Jeth Le Surf
90,Moss Ewart,2018-04-22,2018-04-25,Sơn Tây,Bonnee Schwant
90,Cesaro O'Finan,2018-04-15,2018-04-19,Sanjiang,Robbie Stickles
5,Gerianne Jeandeau,2018-04-28,2018-05-02,Shijiao,Gerti Buckoke
52,Millard Neeson,2017-03-01,2017-03-08,Matão,Vaughan Wildbore
96,Janek Redgewell,2018-01-11,2018-01-17,Maxixe,Crystie Skeates
73,Stinky Scraggs,2017-03-03,2017-03-12,Sokoto,Easter Leavold
5,Ferris Veljes,2017-03-07,2017-03-21,Arras,Emlyn Kinch
81,Kenny O'Hartnett,2017-03-07,2017-03-10,Isidro Fabela,Leona Galway
85,Byran Basire,2018-03-23,2018-03-28,Sanmiaoqian,Adriano Cardis
81,Rosemonde Kielt,2017-03-10,2017-03-15,Thị Trấn Sìn Hồ,Rockie Bransgrove
81,Wilek Karlsen,2018-03-09,2018-03-11,Baozi,Joeann Broady
73,Bunnie MacAfee,2018-05-10,2018-05-14,Concepcion,Ezequiel Ayling
19,Fionna Trelevan,2017-03-10,2017-03-13,Konga,Sergeant Perin
89,Gib Carnier,2018-05-24,2018-05-28,Xinbei,Borg Fishbourne
96,Dodie Dispencer,2018-04-14,2018-04-18,Wufeng,Remy Greet
37,Dallas Streight,2018-02-15,2018-02-20,Rennes,Cathrine Lefeaver
81,Maritsa Devonport,2017-03-11,2017-03-15,Rumat Heib,Jacquelyn Wilcox
70,Kristel Durant,2018-03-24,2018-03-26,Shatian,Patsy Ferrick
39,Dwight Cake,2018-01-03,2018-01-07,Baalbek,Kristen Dawes
39,Tyne Boyda,2017-03-11,2017-03-18,Xinzhou,Nadean Rosenbaum
62,Morten Huygen,2017-03-16,2017-03-19,Colima,West Strowan
90,Ignatius Featherston,2018-04-28,2018-05-03,Kampungdesa,Brigham Szachniewicz
89,Lavinia Jeffress,2017-03-18,2017-03-26,Borne Sulinowo,Terri-jo Guyver
88,Wilow Mattholie,2018-04-15,2018-04-18,Arras,Thorny Silverthorne
90,Wilie Seagar,2018-01-24,2018-01-28,Shitang,Ellis MacCracken
70,Tiertza Aaron,2018-06-19,2018-06-30,Velyka Bilozerka,Marji Mouget
18,Braden Childrens,2017-03-24,2017-04-02,Makoba,Cary Fatscher
81,Clay Bullerwell,2017-03-26,2017-03-29,Zhujiang,Salem McAloren
81,Benedicta Ever,2017-03-26,2017-03-29,Jambangan,Annalee Zukerman
52,Edlin Guppey,2017-03-27,2017-04-01,Jingchuan Chengguanzhen,Abrahan Bunton
52,Janina Gibbard,2017-03-28,2017-04-06,Hongshunli,Bettye Cartmel
4,Nathanial Beat,2017-04-07,2017-04-09,Zuocun,Beryl Craw
52,Samuele Lammert,2017-04-07,2017-04-13,Cihua,Alecia Labbe
36,Coleen Taggert,2017-04-09,2017-04-13,Tiecun,Reeta Cowdry
36,Winnah Feetham,2017-04-09,2017-04-13,Velyka Mykhaylivka,Dorella Rheubottom
98,Manuel Buney,2017-11-03,2017-11-07,Oltinko’l,Amory Ion
52,Nesta Sisley,2017-01-12,2017-01-15,Chadian,Maggy Drissell
39,Fairfax Tennant,2017-04-09,2017-04-13,Kraskino,Melisa Tabbernor
88,Pris Witling,2017-04-09,2017-04-13,Kathu,Florinda Muccino
10,Esmaria Janicijevic,2017-04-10,2017-04-16,Quebradas,Louisa Innott
32,Berke Rosenfield,2017-04-10,2017-04-14,Cinangka,Jodi Van Oort
51,Evita Golston,2019-07-25,2019-07-29,Hegeng,Kelsey Yakebovich
95,Rebeka Le Claire,2018-01-02,2018-01-06,Söderköping,Zacharia Brient
32,Inness Heaffey,2016-04-27,2016-05-01,Kalýves Polygýrou,Rem Nenci
88,Jenilee Kubalek,2017-04-13,2017-04-17,Fradelos,Laureen Piele
17,Jedediah Lockhart,2017-04-14,2017-04-17,Sunagawa,Bailie Winchcum
5,Saundra Jemison,2017-04-15,2017-04-19,Koupéla,Benjie Galer
39,Jillana Towndrow,2017-04-15,2017-04-20,Korem,Rutter Errichelli
4,Devina Tomasi,2015-08-03,2015-08-05,Shamkhor,Tedra Besque
62,Bria Spraggon,2017-04-16,2017-04-20,Aygezard,Shea Gloucester
32,Viviene Goode,2017-04-16,2017-04-20,Bataiporã,Hermia Bourke
52,Kizzie Boyle,2017-04-16,2017-04-18,Glushkovo,Alikee Paice
22,Forrest Jepensen,2020-09-05,2020-09-08,Taling Chan,Arlen Bracegirdle
90,Charlean Jarman,2018-04-01,2018-04-07,Al Nashmah,Nichole Hamberstone
39,Aurore Jesse,2017-04-16,2017-04-21,Cueto,Ferrell Gilpillan
39,Dukie Gippes,2017-04-17,2017-04-23,Draginje,Bond Simonel
52,Silvain Walding,2017-04-19,2017-04-24,Krajan Satu,Stevie Dearle-Palser
18,Aylmer Iveans,2017-04-20,2017-04-22,Caridade,Cyrille Arman
17,Aleda Gadsdon,2017-04-21,2017-04-24,Pyatovskiy,Tobiah Pohlak
39,Nichols Lowde,2017-04-22,2017-04-24,Yongchang,Margaretta Danilovich
39,Fifine Scane,2017-04-22,2017-04-24,Yuannan,Samantha Hyne
73,Rory Colenutt,2017-04-23,2017-04-28,El Porvenir,John Hackinge
5,Barron Doe,2017-04-26,2017-04-30,Dahe,Torie Muzzollo
4,Ceil Ledgley,2017-04-26,2017-04-29,Tanggu,Helga Durant
37,Bordie Clorley,2017-04-26,2017-04-30,Bacelo,Geneva Davidowich
19,Lari Meaney,2018-01-06,2018-01-07,Novoaltaysk,Dominick Cerro
27,Bertie Jeckell,2018-05-12,2018-05-16,Rio Covo,Robinia Megarrell
94,Guinna Larne,2018-01-15,2018-03-31,Potęgowo,Theressa Minguet
19,Veronique Manzell,2018-02-26,2018-03-04,Newark,Sile Marchenko
68,Tore Bolstridge,2017-05-04,2017-05-09,Västerås,Renell McCreagh
5,Russell Orred,2017-05-04,2017-05-08,Druya,Yancy Gerrad
67,Bord Brittlebank,2018-03-28,2018-03-30,Torre,Terry Biaggelli
93,Sosanna Bragginton,2016-10-13,2016-10-16,Jati,Bailey Duddell
70,Darby Tierny,2018-04-02,2018-04-06,Sergeyevka,Birk Khoter
67,Norine Kille,2017-05-18,2017-05-22,Sośnie,Eddy Andrin
90,Tallia Stallebrass,2018-03-05,2018-03-19,Obonoma,Sawyere Haggata
67,Gregorius Firmin,2016-03-21,2016-03-24,Yongning,Guthrie Kender
32,Titos Rayment,2017-05-19,2017-05-23,Caicó,Claretta Dunridge
5,Darcy Kuna,2018-04-14,2018-04-26,Hushaat,Falkner Fleischmann
98,Odey Mc Cahey,2018-03-21,2018-03-24,Suyang,Ilise Skyrme
98,Antin Shearstone,2018-02-15,2018-02-18,Paranho,Bobbette McAnulty
88,Anni Hamley,2018-03-29,2018-04-01,Shujāābād,Portia Earsman
62,Harwell Stripp,2017-05-22,2017-05-26,Khairiahmandah,Glenine McCloughen
90,Karen Scotts,2018-01-15,2018-07-31,Tuchlovice,Nicole O'Drought
90,Star Lanfere,2017-05-24,2017-05-31,Hamburg,Cornelia Haskey
96,Marthe Kadd,2018-01-02,2018-01-06,Xinchengzi,Culley Espino
94,Celle Masi,2018-01-01,2018-01-03,Gareba,Cathe Atwater
51,Arluene Highton,2018-02-09,2018-02-11,Xiahan,Craig Drage
39,Arlinda Pollicott,2017-05-24,2017-05-28,Bom Despacho,Luce Dacke
39,Coop McQuillan,2018-01-12,2018-01-15,Killam,Nichole Oaks
70,Towny Iggulden,2018-01-25,2018-01-29,Huangzhai,Kahlil Perott
25,Donovan Haliburn,2015-08-03,2015-08-05,Nanyulinxi,Elfie Ditzel
90,Poul McCaughen,2018-02-10,2018-02-17,Chã,Alex Pieters
45,Kennith Radin,2016-08-28,2016-09-09,Choca do Mar,Mareah Duligal
98,Jae Winny,2018-04-07,2018-04-10,Xiaolongmen,Gert Tamsett
19,Gibby Ramelet,2018-04-07,2018-04-10,Overyata,Rhys Pickerin
52,Estel Benoix,2018-03-29,2018-04-02,Shikhazany,Mirabella Crumby
73,Evangelin Vanyashkin,2018-04-03,2018-04-07,Purwasari,Eziechiele Halfacree
91,Issy Saxelby,2018-04-29,2018-05-04,Tucupido,Sherwood MacGinley
89,Bengt Liebrecht,2017-03-30,2017-04-01,Áno Sýros,Marga Yerson
52,Lela Luten,2018-04-25,2018-04-30,Sanzhang,Riobard Petters
51,Emlynne Blaxall,2018-02-08,2018-02-23,Myhiya,Christye Skillett
96,Cobby Shepard,2018-04-02,2018-04-06,Nowa Ruda,Michelle Badwick
89,Brianne Bridgman,2016-08-05,2016-08-08,Dakoutun,Frasquito Herrieven
87,Silvio Boxhall,2016-09-29,2016-10-02,Fak Tha,Tobye Dirr
89,Currie Michel,2016-12-02,2016-12-07,Dulian,Billy Hearne
98,Vince Revell,2018-04-25,2018-05-01,Rennes,Brina Creelman
81,Boycey Piccard,2018-02-23,2018-02-25,Thakhèk,Cherye Fassum
70,Mab Donalson,2018-03-29,2018-04-02,Limbangan,Geordie Amps
39,Vern Maher,2017-05-28,2017-05-31,West Hartford,Dyna Edler
51,Adlai Clemoes,2017-02-22,2017-02-24,Yiqian,Thaddus Vasilischev
52,Sybilla Nuttey,2017-05-30,2017-06-03,Campaka,Helge Soares
70,Marcie Banbridge,2018-04-06,2018-04-08,Caraga,Myrtia Winspar
88,Salome Gradley,2018-03-12,2018-03-18,Vangaži,Avril Paradin
88,Brianna Trump,2018-02-17,2018-03-04,Obrera,Emlyn Rodolico
5,Amby Mollatt,2018-03-29,2018-04-01,Jiawu,Sandra Nys
81,Mandi Barme,2018-01-26,2018-01-28,Milín,Samaria Dioniso
10,Gerome Connick,2017-06-01,2017-06-03,General San Martín,Lyndel Coultard
36,Elijah Ambler,2016-04-20,2016-04-22,Hekou,Bobbye Varrow
5,Melisent Valentin,2018-02-21,2018-02-24,Bologna,Garey Broughton
10,Kenneth Lathbury,2016-05-01,2016-05-06,Xinxing,Dana Takkos
37,Cobby Patkin,2018-01-01,2018-01-04,Tādif,Matt Minchell
75,Dunn Tildesley,2016-05-02,2016-05-05,El Obeid,Thomas Blankenship
19,Lexy Sukbhans,2018-01-16,2018-01-17,Zheleznodorozhnyy,Othilia Vidloc
96,Nicolas Alflat,2018-04-07,2018-04-13,São Miguel do Iguaçu,Tiffany Bercher
73,Karita Gibbs,2018-04-06,2018-04-08,Ipojuca,Saw Barcroft
17,Hesther Gallant,2018-02-06,2018-03-31,Bollnäs,Martie Santello
19,Benson Brydon,2018-03-29,2018-04-01,Juatuba,Aileen Pead
73,Haven Schwand,2017-01-31,2017-02-03,Cipicung Timur,Claudelle Hynson
70,Cissy Holsey,2018-01-25,2018-01-28,Willowdale,Gennifer Wishart
51,Hulda Fancutt,2018-02-04,2018-02-07,Arraga,Natalya Grigoire
70,Yettie Baptista,2018-01-02,2018-01-03,Długosiodło,Laurie Poultney
70,Maurene Fine,2018-02-23,2018-02-24,Tavira,Anselm Whaymand
19,Walliw Kirkbride,2018-02-21,2018-03-02,Přibyslav,Patricio Bonas
81,Stacie Ritelli,2018-03-04,2018-03-09,Bombon,Lynnette Dienes
88,Deloria Edlyne,2018-04-28,2018-04-30,Nieuwegein,Chrysler Phalp
70,Ardeen Strathern,2018-03-25,2018-03-29,Yaguajay,Xenia Marjoribanks
39,Myriam Flockhart,2018-05-02,2018-05-09,Karungdong,Teodoor Hynes
43,Josee Kubik,2016-05-22,2016-05-25,Ngunguru,Karissa Lintin
27,Eduard Rudloff,2018-05-04,2018-05-12,Neftegorsk,Brita Cooke
17,Delainey Prati,2018-01-01,2018-01-05,Landerneau,Filia Kenna
90,Thea Crate,2018-03-25,2018-03-31,Székesfehérvár,Golda Ingree
70,Maressa Jandourek,2018-03-08,2018-03-13,Puerto Rico,Grant Creaven
70,Lucie Pudden,2017-01-31,2017-02-07,Villarrica,Asia Catley
52,Vincents Emanueli,2018-01-02,2018-01-05,Araripina,Roldan Layson
96,Korry Pylkynyton,2018-04-10,2018-04-14,Siaton,Jonah Simson
5,Jodi Pietzker,2018-04-06,2018-04-11,Xing’an,Hoyt Otteridge
70,Mercy Bloxam,2018-01-08,2018-01-13,Ấp Tân Ngãi,Glen Tidy
96,Adelina Giveen,2018-05-05,2018-05-12,Fyllingsdalen,Jarrett Carillo
61,Doti Fraczek,2016-05-24,2016-05-31,Huangcun,Jilly Seers
73,Micheal Applin,2018-03-28,2018-04-04,Dadamtu,Bathsheba O'Henehan
95,Sumner Barthot,2018-03-31,2018-04-02,Montbrison,Charley Zolini
81,Rock Eliyahu,2018-05-08,2018-05-18,Wuyang,Tarrah Matiasek
39,Kynthia Quinnelly,2018-01-28,2018-02-01,Buenos Aires,Egor Pieters
98,Karole Nisbet,2018-04-02,2018-04-06,Baoxing,Whitby Barry
67,Darby Rosenfelder,2016-05-24,2016-05-29,Mora,Annice Tocque
55,Dougy Luetkemeyers,2016-06-09,2016-06-13,Lakota,Jammie Riggert
73,Dannel McWilliams,2018-04-09,2018-04-14,Nyima,Fonsie Reedy
88,Tamiko Maus,2018-04-29,2018-05-03,Gaxung,Judi Feacham
52,Idette Hebdon,2018-03-16,2018-03-24,Youwei,Marleen Franz
88,Fanni Alexandersen,2018-03-10,2018-03-16,Sakākā,Kalle Saipy
94,Gates Scurman,2018-04-18,2018-04-23,Gorey,Niko Heffron
73,Desi Marmion,2018-03-01,2018-03-06,Zhangatas,Audrey Adaway
5,Tricia Rutigliano,2018-03-06,2018-03-13,Samanco,Innis Saura
88,Griff Dignum,2018-03-11,2018-03-18,Bangbayang,Othello Heatherington
32,Zuzana Vagg,2016-08-16,2016-08-18,Longba,Cati Benedek
57,Raff Marwood,2016-08-16,2016-08-18,Henghe,Carson Yuryaev
70,Meggi Osman,2018-03-26,2018-03-29,Chapadinha,Leesa Thomas
19,Fan Dradey,2017-09-30,2017-11-04,Sredno Konjare,Annamarie Sheffield
70,Heda Gwillim,2018-04-12,2018-04-15,Kleszczewo,Goran Matthis
90,Hallsy Spiller,2018-05-17,2018-05-20,Dagsar,Ermanno Banbrigge
42,Gill Stuchburie,2016-10-18,2016-10-22,Milwaukee,Griselda Bounds
10,Elladine Zanardii,2016-12-30,2017-01-02,Karlstad,Kaile Joplin
90,Dacy Beggini,2017-01-03,2017-02-04,Krupka,Leah Anwell
17,Nickolai MacCartair,2018-04-13,2018-04-18,København,Janenna Menghi
85,Edith Drane,2018-03-29,2018-04-01,Lacroix-Saint-Ouen,Shurlock Bebb
52,Chrissy Boyles,2018-03-08,2018-03-13,Senhor da Serra,Regen Whaites
90,Ailee Kimmings,2017-01-03,2017-02-04,Al Maşlūb,Kesley Yurygyn
88,Vivyan Courtese,2018-05-12,2018-05-17,Foso,Lexis Juszczyk
52,Kaylil Speechley,2018-05-24,2018-05-26,Szeged,Alanna Cheer
73,Bev Armin,2018-02-26,2018-03-07,Nayak,Corrine Barendtsen
52,Blinnie Josefs,2018-03-07,2018-03-19,Rouen,Halie Benjafield
96,Willie Bockmann,2018-04-14,2018-04-17,Wierzbica,Jennette Crosseland
89,Wilhelm Kennifick,2018-05-10,2018-05-14,Leninogorsk,Nicol Bergen
85,Tobias Nicholes,2017-01-31,2017-02-01,København,Joane Kryzhov
90,Emiline Howle,2018-03-15,2018-03-22,Alvito,Wynn Mochan
85,Marla Hamblington,2018-04-08,2018-04-15,Isiro,Sherill Poe
96,Rosalyn Obray,2018-04-15,2018-04-18,Xuling,Oralee Finder
5,Alexina Feltham,2018-03-21,2018-03-26,Paraty,Ivonne Plumptre
5,Merl Cochran,2017-01-12,2017-01-18,Brest,Leora Wolfendell
52,Fawnia Shafier,2018-04-19,2018-04-24,Payapa,Constancia Parmer
81,Ardis Carnelley,2018-03-20,2018-03-28,Ryazanskiy,Clayborn Beartup
27,Magdalena O'Gorman,2018-04-26,2018-05-01,Honghualiangzi,Helenelizabeth Puddin
73,Willard Sherrington,2017-06-03,2017-06-08,Hanting,Catharina Child
52,Tallia Vel,2018-02-01,2018-02-04,Pueblo Nuevo,Bari McQuade
73,Kasper Swayne,2017-06-03,2017-06-08,Wamba,Baudoin Deviney
95,Kristofor Berthomieu,2018-02-11,2018-02-14,Songgui,Rosalind Shannon
51,Erna Brewett,2018-02-08,2018-02-11,Januszkowice,Karlens Snelson
81,Taber Swift,2018-02-18,2018-02-20,Lingdong,Beryl Pohlak
73,Putnem Meek,2017-01-31,2017-02-03,Silodakon,Sampson Hullin
39,Mara Bayly,2018-04-26,2018-05-01,Tha Uthen,Twyla Westover
94,Gussy Berndtsson,2018-04-08,2018-04-11,Tlučná,Stephenie Fauguel
89,Northrop Pickles,2018-03-30,2018-04-01,Abéché,Fifi Zanneli
5,Lianna Matuszewski,2018-04-14,2018-04-16,Carreira,Hugibert Goldfinch
81,Shelby Edgson,2018-04-09,2018-04-14,Usulután,Alic Laverenz
51,Luce Dunsire,2018-09-09,2018-09-13,Ziębice,Charlton Josipovic
17,Corella Wildt,2018-04-01,2018-05-31,Charleville-Mézières,Karly Hevner
73,Launce McPake,2018-04-21,2018-04-23,Eskilstuna,Roselia Jakolevitch
51,Micheal Sancroft,2019-06-11,2019-06-17,Taraan,Ogden Ost
85,Viviene Mapplethorpe,2018-04-08,2018-04-12,Herval,Edythe Wiersma
70,Susanna Merwe,2018-04-08,2018-04-11,Uttaradit,Federico Nias
88,Gwyn Trayton,2018-04-08,2018-04-13,Żelistrzewo,Meier Gotcliffe
90,Ansell Rubinsaft,2019-04-26,2019-04-28,Lephalale,Rodge Skokoe
90,Phil Grimsell,2018-04-25,2018-04-28,Shaogongzhuang,Northrop Verick
39,Gibb Eloy,2017-06-11,2017-06-18,Kulykiv,Kipp Maillard
85,Sherry Alabastar,2016-06-17,2016-06-20,Xuyong,Carlotta Ogger
89,Thurstan Arthurs,2018-05-03,2018-05-07,Nakhabino,Dory Blaschek
85,Sadella MacCathay,2018-04-19,2018-04-24,Banjar Banyuning Barat,Mathew Physic
88,Bailey Ponter,2018-04-13,2018-04-15,Lubuagan,Imogen Stirling
59,Pearce Brosnan,2017-06-11,2017-06-15,Sydney,Wendie Prettejohns
70,Gregoor Adami,2018-05-03,2018-05-05,Sanqishi,Cicely Iacovozzo
96,Rhonda Bonnar,2018-07-12,2018-07-17,Seabra,Mariska M'Quhan
89,Izak Nelius,2018-04-25,2018-04-30,Wongaya Kaja,Leonidas Trevino
17,Leonidas Bennike,2017-02-01,2017-02-15,Dongpu,Gaston Georgievski
17,Roseline Mitchely,2017-02-01,2017-02-28,Bugana,Ofilia Paraman
52,Jereme Graysmark,2018-07-11,2018-07-16,San Luis,El Ebanks
22,Jennifer Chester,2019-04-05,2019-04-07,Temuco,Ramonda Josland
39,Ruth Pancoust,2018-05-06,2018-05-08,Kotel’niki,Toddie Gertz
89,Sid Peert,2018-04-20,2018-04-23,São Vicente,Gifford Greenlies
17,Carny Thirlaway,2016-03-11,2016-03-13,Primorsko-Akhtarsk,Levon Shapira
39,Wakefield Viscovi,2018-04-09,2018-04-12,Jiebu,Gal Jugging
96,Tiffany Godsafe,2018-04-18,2018-04-22,Znojmo,Ondrea Rickerby
57,Amery MacConnell,2017-06-17,2017-06-24,Lau,Goldarina Browncey
25,Murvyn Kneafsey,2016-05-25,2016-06-01,Huacho,Caesar Sirrell
88,Othilia Cumo,2018-05-04,2018-05-09,Takedamachi,Waly Jullian
39,Ashlan Thackston,2018-04-13,2018-04-16,Karanganyar,Cob Owttrim
22,Salem Wooland,2018-04-29,2018-05-01,Damu,Bruce Tolumello
73,Milli Rannells,2018-07-17,2018-07-30,Zhihe,Natty Shilladay
39,Clementine Sallis,2017-06-18,2017-06-22,Kundung,John Vedntyev
52,Isidore Taverner,2017-06-22,2017-06-29,Huzhou,Welsh Neiland
85,Yvor Jerg,2018-12-30,2019-01-02,Levallois-Perret,Caz Redd
62,Kariotta Couper,2017-03-25,2017-03-27,Mariental,Dallas MacNess
19,Corbett Braidford,2018-04-17,2018-04-24,Göteborg,Minor Heaney
45,Mavis Studde,2016-05-20,2016-05-22,Repatriación,Noam Chave
97,Melessa Giabucci,2017-02-01,2017-04-30,Dafengdui,Silvia Yandle
72,Kassie Statham,2018-01-31,2018-02-28,Boshi,Marge Reicherz
5,Vaughan O'Lehane,2015-12-29,2016-01-05,Balung,Cazzie Mozzetti
10,Gennie Blinder,2017-02-01,2017-03-04,Chunmuying,Noach Reace
51,Addie Advani,2018-12-31,2019-01-02,Alderetes,Fancie Simpkiss
75,Maggie Stoddard,2016-06-27,2016-07-01,Maria,Orazio Abbs
78,Gretna Dightham,2016-10-04,2016-10-11,Mehtar Lām,Kendre Benasik
97,Tammara Ferrieres,2017-02-01,2017-06-30,Vårgårda,Bertie Scriven
93,Matty Hould,2017-02-01,2017-02-04,Padabeunghar,Sherline Bucklee
72,Lurleen Voice,2018-02-28,2018-03-31,Jiujie,Rosalie Brandom
98,Wallie Yakebovich,2018-04-18,2018-04-22,Naj‘ Ḩammādī,Dasi Cayette
22,Kai Hrihorovich,2018-12-31,2019-01-01,Mayumba,Ashley Collum
45,Kevina Twydell,2016-07-04,2016-07-08,Changchun,Ebony Philippard
59,Hagen Zavattieri,2017-06-30,2017-07-07,Qorveh,Delinda Downton
42,Addy Dommersen,2016-01-24,2016-02-25,Xinmen,Jillane Dowyer
55,Raquela Flattman,2016-05-13,2016-05-16,Sośno,Una Spring
52,Bendite Ruckert,2016-09-29,2016-10-01,Tonga,Elsy Sands-Allan
73,Nevsa Arlow,2016-12-26,2017-01-01,Turba,Happy Bateup
95,Rozamond Kemetz,2017-02-01,2017-02-06,Pingtang,Tammi Branwhite
85,Laetitia Tomasian,2018-05-03,2018-05-07,Werbkowice,Melina Stutter
27,Sydelle Strugnell,2016-03-02,2016-03-07,Granada,Gisella Zima
59,Otto Goricke,2016-04-30,2016-05-05,Tanglag,Sabine Cluney
10,Worthington Fantham,2015-08-03,2015-08-05,Nazrēt,Franciska Fosh
59,Lonnie Boyton,2016-03-20,2016-03-25,Hantang,Lionello Schohier
74,Therese Lafflin,2016-04-01,2016-04-05,General Vedia,Nicola Reek
1,Mellisa Rennox,2016-05-06,2016-05-20,Jawa,Adina Blinde
5,Eadie Lade,2016-05-20,2016-05-22,Yezhu,Dorris O'Giany
70,Benny Keniwell,2018-04-25,2018-04-30,Puzi,Dominik Pedro
68,Kory Gricewood,2017-07-06,2017-07-09,Guanzhou,Nobie Orrey
68,Mame Bedborough,2017-07-06,2017-07-09,Wufeng,Joice Cornner
32,Nealson Alty,2016-12-11,2017-02-02,Zhengguo,Nev Senchenko
62,Ermanno Cadogan,2017-02-01,2017-02-28,Gobojango,Grata Ingreda
81,Vanya Hoffner,2018-05-29,2018-06-04,Palalang,Jacklyn Leger
22,Jaymee Dunley,2018-05-21,2018-05-25,Dongmazar,Kati Lanmeid
27,Ange Okie,2018-04-28,2018-05-05,Tandel,Zak Salterne
96,Matthieu Buzza,2017-02-01,2017-02-07,Rantepang,Garfield Doy
37,Chlo Tasseler,2018-06-26,2018-06-28,Itapecerica da Serra,Claudetta Gulliver
90,Antonino Traill,2018-04-25,2018-04-29,Chaiyaphum,Christian Osichev
97,Kaspar Paulmann,2017-02-01,2017-02-03,Shangkuli,Trevor Millhill
97,Max Stevings,2017-02-01,2017-05-31,Benito Juarez,Clyde Stefanovic
67,Dimitri Dutnall,2017-02-01,2017-02-12,Dindima,Tiffany Fairburn
90,Gifford Gillman,2017-02-01,2017-04-30,Kebonagung,Vicky Keenan
96,Lars Parzis,2018-06-05,2018-06-11,Lý Sơn,Berti Skokoe
22,Tonie Landre,2018-05-25,2018-05-26,Chandler,Kirsten Doust
59,Blinni Sprull,2017-02-01,2017-02-16,Volovo,Heinrik Foss
10,Brinn Humpage,2017-02-01,2017-03-31,Yakovlevo,Kipp Jirsa
74,Nikolas Norridge,2017-09-14,2017-09-29,Xunzhai,Conrad Eckersley
10,West Takos,2018-07-03,2018-07-05,Loutrós,Flin Ogden
52,Lynea Catto,2017-07-18,2017-07-21,Jingcheng,Winonah Roly
52,Michelle Briamo,2018-04-30,2018-05-05,Anār,Lucita Mumford
52,Lorna Spittles,2017-02-02,2017-02-04,Bantarsari Kulon,Valaria Poyser
72,Lamar Betteriss,2018-04-15,2018-05-01,Altay,Odessa Joannet
17,Myrna Kreuzer,2017-02-01,2017-03-31,Wuyang,Roby Vasilik
95,Myrtice Cowoppe,2018-04-27,2018-05-02,Tegallega,Thomasa Menguy
73,Stephannie Broome,2018-04-29,2018-05-02,Palcza,Miller Ayliff
39,Tara Belderfield,2017-04-30,2017-05-07,Mata Grande,Aguie Ledner
25,Drona Wallice,2016-10-28,2016-10-30,Barbaza,Sawyere Crayker
74,Donella Ridding,2016-12-05,2016-12-07,Tatarbunary,Dougie Burle
22,Ingamar Lillow,2020-08-07,2020-08-13,Trzebinia,Kim Antonomolii
72,Barbie Merrien,2017-02-02,2017-02-23,Santa Rita,Kerwinn Da Costa
17,Fina Boyles,2016-05-20,2016-05-22,Leuweheq,Constantin Strathdee
22,Boonie Leftly,2019-01-07,2019-02-28,Penghua,Harwell Hardinge
74,Jayme Dawtre,2016-05-24,2016-05-28,Patsi,Wilona Dowse
74,Phelia Dupree,2016-05-31,2016-06-02,Berlin,Rex Karpeev
18,Kinna Seleway,2016-11-01,2017-03-18,Malabag,Darwin Kayne
90,Jane Pourveer,2018-04-20,2018-04-23,Tatebayashi,Karly Lockier
17,Westley Horsefield,2018-06-05,2018-06-09,Ancona,Rorie Farmer
98,Nicolette Stickells,2018-05-03,2018-05-07,Laslovo,Ben Alfonzo
18,Annalee Scoyles,2018-04-23,2018-04-29,Lobuk,Royall Fellini
68,Byrom Rizon,2016-05-27,2016-05-29,Biscoitos,Dallon Hughman
17,Stephana Spir,2017-02-01,2017-02-15,Khallat ad Dār,Andrea Hayth
17,Betteann Folland,2017-02-01,2017-02-28,Pluak Daeng,Frances Fernyhough
70,Durant Crimpe,2018-04-30,2018-05-03,Fëdorovskoye,Shirlene Kruschev
17,Stormi Thomkins,2017-02-01,2017-03-04,Karoya,Rolfe Olivelli
78,Sandy Greenway,2017-02-01,2017-04-07,Carolina,Monty Vallentin
73,Errol Picton,2017-02-02,2017-02-05,Mabini,Erskine Bownes
85,Pepi Satchel,2017-02-02,2017-02-04,Metković,Jared Oakwell
17,Yorgo Carmont,2018-06-17,2018-06-22,Omboué,Coreen Kennewell
74,Nickey Munden,2017-01-16,2017-04-30,Slavuta,Ilario Islip
89,Merrili Ivanenko,2017-02-04,2017-02-06,Longquan,Fredric Duester
81,Regine Gullivan,2018-09-16,2018-09-23,Castanheiro do Sul,Orbadiah Chivers
5,Flinn Gooderick,2018-06-18,2018-06-23,Fažana,Kinsley Jaques
52,Rahel Cammell,2017-01-21,2017-01-25,Sungi Liput,Jonathan Kelleway
89,Evyn Fauguel,2017-02-04,2017-02-06,San Francisco,Nicol Sarfatti
27,Berna Creany,2017-02-04,2017-02-07,San Ricardo,Kendricks Livoir
52,Borden Stileman,2017-02-04,2017-02-09,Karlskoga,Tanney Cosgreave
96,Kennie Scholig,2018-05-12,2018-05-19,Bako,Garvey Sket
52,Corbett Rendle,2018-06-01,2018-06-03,Achiras,Lisbeth Trivett
89,Bradford Corry,2018-05-05,2018-05-09,Ketapang,Baird Margaret
88,Edmund Hawlgarth,2017-02-05,2017-02-08,São Félix do Xingu,Dorolice Carslaw
73,Wilfred Hupka,2017-02-05,2017-02-09,Layu,Tori Dilleston
57,Alfi Barcke,2017-02-05,2017-02-18,Albi,Dannel Yann
95,Sada Handy,2017-02-06,2017-02-12,Doroslovo,Melisse Munton
96,Alfy Lambertazzi,2018-04-23,2018-04-28,‘Amrān,Mureil Lartice
17,Orrin Ainsworth,2018-09-16,2018-09-23,Duozhu,Thorpe Hentzer
70,Helena Staton,2018-09-16,2018-09-23,Qinglung,Delbert Gabrieli
17,Fleur Salvati,2018-06-01,2018-06-05,Mlowo,Joceline Brenard
88,Gaylene Haffner,2018-05-17,2018-05-20,Tân Châu,Padgett Delacourt
17,Fionnula Waeland,2018-04-30,2018-05-06,Doljo,Selby Foxhall
19,Lurette Pagram,2016-04-14,2016-04-18,Xiaoying,Krishnah Aizlewood
90,Demott Maycock,2018-04-09,2018-04-14,Kapunduk,Lewiss Maccaig
19,Davidson Burges,2018-04-28,2018-05-26,Wongsorejo,Arabele Keneleyside
88,Marys Karchowski,2018-04-25,2018-04-29,Qiting,Mavra Robak
96,Iris Bramo,2018-04-15,2018-04-18,Lakota,Willey Benz
51,Kizzie Hollidge,2018-07-03,2018-07-06,Mekkaw,Hobart Brissenden
70,Julina Maingot,2018-04-20,2018-04-23,Ning’er,Gradey Kinvan
5,Annnora Hodgin,2017-12-18,2018-01-15,Rossosh’,Jackie Mottini
59,Phylys Vassano,2018-04-27,2018-04-29,Talghar,Celka Scarrott
10,Alma Shaw,2018-07-04,2018-07-11,Malainen Luma,Paulette Edger
96,Anabella Simoncini,2018-06-23,2018-06-25,Baixi,Florance Laise
44,Roderic Witty,2017-02-07,2017-02-13,Jalālābād,Ianthe Jeannesson
70,Claire Mortimer,2017-02-07,2017-02-10,Izhmorskiy,Travus Ayars
10,Oneida Coniam,2017-02-07,2017-02-24,Liang,Shell Balsellie
95,Marty Duncan,2017-08-29,2017-09-05,Żelazków,Grace Acosta
5,Minda Frayling,2017-02-07,2017-02-14,Mazra‘at Bayt Jinn,Waring Delgua
90,Roxanna Inglefield,2017-02-08,2017-03-01,Bellavista,Franciskus Mannooch
91,Sarah Orehead,2018-05-10,2018-05-14,Shifan,Elsbeth Gilbody
73,Clem Andrzej,2018-06-04,2018-06-06,Guantian,Vanya Murfin
95,Melantha Favel,2017-06-08,2017-06-12,Jinshan,Lanita Chiommienti
19,Daryl Duffie,2018-06-18,2018-06-23,Hisings Kärra,Berty Walburn
81,Dotty Abarough,2017-02-09,2017-02-15,Zhanxu,Gearalt Bonass
89,Budd Beades,2018-04-26,2018-04-29,Stetseva,Nell Gypson
98,Madonna Robilliard,2018-05-04,2018-05-08,Jayaraga Kaler,Gypsy Hassewell
89,Benedick Spinelli,2017-09-27,2017-10-02,Zemun,Fidole Darcey
70,Ali Speechley,2018-07-09,2018-07-12,Tagakpan,Hansiain Di Roberto
89,Rolando Ping,2018-03-28,2018-03-30,Curug,Orelle Giovanardi
12,Abbe Alleburton,2015-08-03,2015-08-06,Yara,Farica Warlowe
73,Emery Puttan,2018-05-10,2018-05-14,Santa Cruz,Trix Kinvan
51,Georgianna Dampier,2018-05-23,2018-05-30,A’yi Take,Othella MacAvaddy
88,Rocky Fairpo,2018-07-05,2018-07-11,Mieszkowice,Roarke O'Tierney
96,Mitch Carlsson,2018-07-03,2018-07-12,Dragash,Clemmy Wickardt
70,Corney Sorro,2018-05-06,2018-05-11,Urbano Noris,Benedetta Garfoot
32,Ezechiel Napleton,2017-02-09,2017-02-11,Titiakar,Onida Benjamin
27,Bobbye Brandt,2018-05-17,2018-05-21,Siwa Oasis,Mariska Janowski
70,Patricia Dobell,2018-06-23,2018-06-25,Bayantal,Nels Feacham
51,Regina Cardenas,2018-05-23,2018-05-30,Daoxian,Stan Jon
88,Marnia Northey,2018-06-17,2018-06-20,Miracema,Andrea Eldritt
70,Thia Olivelli,2018-05-28,2018-05-30,Irará,Galvin Boodle
70,Solomon Graffham,2018-05-31,2018-06-04,Sneek,Angelico Besset
85,Tull Callan,2018-05-10,2018-05-13,Tuopu,Arlette Cordero
51,Gabriella Claworth,2018-05-23,2018-05-30,Ciudad Barrios,Abramo Lello
91,Bartolemo Mounsie,2018-08-12,2018-08-26,Toledo,Susanna Mariaud
91,Arlena Bartol,2018-08-11,2018-08-20,Washington,Pablo McCullouch
81,Mathe Mahoney,2018-05-29,2018-06-04,Glafirovka,Pepi Coniam
51,Charla Normavell,2018-05-19,2018-05-26,Chor,Robinia Fayer
70,Yvon Voas,2018-06-12,2018-06-19,Titao,Abel Pedel
67,Adolph Flanaghan,2018-05-06,2018-05-13,Kugri,Greer Vel
72,Georges Ramelet,2018-07-04,2018-07-13,Pýrgos,Charlton Crowter
70,Corenda Plumley,2018-06-20,2018-06-23,Kwolla,Odell Pietsma
91,Estella Alsop,2018-08-11,2018-08-18,Ulyanovsk,Gusti Lyle
17,Pat Korneluk,2018-06-16,2018-06-19,Hailang,Bonny Bolf
70,Jethro Cleugher,2018-07-04,2018-07-06,Bejsce,Dean Metterick
51,Sharleen Brymner,2018-08-07,2018-08-10,Poconé,Charita Walsom
73,Cherida Hatfull,2018-05-24,2018-05-27,Boaco,Anallise Doore
81,Dulcinea Abrahamsen,2018-05-25,2018-05-28,Watrous,Nananne Burkinshaw
72,Cynthie Livoir,2018-05-12,2018-05-19,Victoria,Bernete Brevitt
17,Cherye Drowsfield,2018-06-08,2018-06-11,Magtangol,Cynthy Wudeland
88,Bella Cohen,2018-06-17,2018-06-20,Itsandzéni,Brett Pound
39,Pansie Merrell,2018-05-30,2018-06-01,Pasirgaru,Amelia Lynas
70,Mick Dooland,2018-08-02,2018-08-05,Yirga ‘Alem,Goober Jensen
91,Annette Roze,2018-05-27,2018-05-30,Karangbaru,Trude Peers
91,Ethelbert Sarten,2018-08-11,2018-08-18,Moriya,Shoshanna Magner
85,Quentin Dundredge,2018-08-11,2018-08-14,Zhihe,Hamlin Shepard
51,Mallory Pennini,2018-05-23,2018-05-30,Nsukka,Vanna Tremayle
97,Freemon Mayow,2018-08-25,2018-08-28,Halamendu,Flossi McCome
22,Vladimir Ferie,2018-08-01,2018-08-03,Shūsh,Trix MacNaughton
25,Guthrey Sneezem,2015-08-05,2015-08-09,Newmarket on Fergus,Regine Goodchild
27,Graehme Hyatt,2018-08-11,2018-08-14,Niafunké,Richard Aleksandrikin
88,Zia Keefe,2018-06-11,2018-06-14,Zhongzhang,Wake Wynch
90,Grover Puttnam,2018-07-18,2018-07-21,Carpina,Baxter Giorgiutti
70,Dorelle Nodes,2018-05-18,2018-05-21,Narol,Michaela McTaggart
25,Charo Bridewell,2015-08-16,2015-08-19,Longfeng,Saunder Stephens
70,Fairleigh Keep,2018-06-23,2018-06-25,Xinglin,Tiffy O' Meara
70,Thornie Demann,2018-06-19,2018-06-22,Drawno,Lea Brownstein
73,Stafford Lodo,2018-05-14,2018-05-18,Bedayu,Moses Smorthit
85,Shandee Maynard,2018-05-10,2018-05-13,Aucallama,Jamey Fattori
70,Yurik Olensby,2018-06-08,2018-06-12,Laliki,Abigael Gasking
96,Cale Fattorini,2018-05-19,2018-05-26,Wawer,Casie Agge
70,Ilse Camelli,2018-06-13,2018-06-20,Reshetikha,Darrelle Lavallie
51,Viola O'Fallone,2018-05-17,2018-05-19,Zamora,Sarita Workes
62,Harlene Wrightham,2016-05-13,2016-05-15,Baishi,Nadeen Feasey
70,Barney Camellini,2018-07-02,2018-07-06,Zaklików,Francisco Wilcocke
70,Harper Britto,2018-05-14,2018-05-18,Zhendong,Shalne Fontel
51,Miranda Fost,2018-05-12,2018-05-17,Shiroi,Palm Balcombe
37,Flynn Goney,2018-05-21,2018-05-28,Mbala,Dasie Nosworthy
90,Bellina Dowtry,2018-08-12,2018-08-19,Sihai,Halie Yarrow
90,Kaitlyn Mattosoff,2018-06-18,2018-06-21,Mengmeng,Vite Hellmer
90,Tiff Brind,2018-08-02,2018-08-08,Ying’ebu,Karita Alleway
73,Berky Cox,2018-06-09,2018-06-11,Mataigou,Kristel Culcheth
88,Alphard Vorley,2018-05-30,2018-06-01,Anmore,Phedra Gardener
22,Duky Perelli,2018-06-04,2018-06-10,Manturovo,Elfrieda Dobrowolski
91,Barton Clemanceau,2018-08-04,2018-08-11,Khagrachhari,Morgen Yerrill
85,Lalo Clemes,2018-08-16,2018-08-23,Longxi,Broddie Kacheler
73,Beryle Alliott,2018-05-10,2018-05-13,Paciran,Casey Rojel
70,Thedrick Kingwell,2018-05-23,2018-05-25,Montbéliard,Gordy Drayton
51,Rennie Liepins,2018-06-12,2018-06-15,Oguma,Zared Screaton
81,Padraig Heller,2018-08-15,2018-08-18,Dongjiahe,Monro Hissett
73,Drucill Gummow,2018-05-10,2018-05-13,Bremen,Trescha Orkney
73,Nelly Slowgrove,2018-07-10,2018-07-14,Gucheng,Maximilianus Fruchter
51,Thedrick Kembrey,2018-06-26,2018-06-28,Kafr ash Shaykh,Freida Kite
73,Shurlocke Quigg,2018-07-09,2018-07-15,Carrasqueira,Charyl Ivanishin
88,Darill Bramo,2018-05-09,2018-05-12,Bílovice,Honoria Brierton
96,Rene Mayo,2018-06-17,2018-06-20,Souflí,Fanchon Ebenezer
39,Hilliary Rodnight,2018-05-14,2018-05-17,Wadung,Retha Crookshank
90,Myriam Stayte,2018-06-13,2018-06-17,Pomacocha,Odette Sibbering
88,Clemente Gorst,2018-06-24,2018-06-28,Falënki,Emily Isted
98,Dominique Stellman,2018-05-09,2018-05-13,Turiys’k,Olwen Hook
90,Margarete Verryan,2018-07-24,2018-08-02,Neringa,Emmerich Kenewell
85,Felix Minthorpe,2018-08-23,2018-09-01,Uychi,Josi Ambroise
70,Dukie Bernardoni,2018-07-13,2018-07-15,Kotauneng,Andras Ventham
70,Tony Boutellier,2018-06-28,2018-07-01,Pangkalanbuun,Carena Hannon
12,Trudy Caird,2015-08-17,2015-08-24,Huangtang,Lorettalorna Francesco
51,Alasteir Gosse,2018-05-11,2018-05-15,Gulu,Lorelle Bowcock
73,Donnamarie Marnes,2017-02-09,2017-02-14,Baicheng,Magdalene Pfleger
27,Amandy Dablin,2018-05-18,2018-05-21,Santa Eulalia,Mersey Greenland
39,Brodie O'Hederscoll,2018-05-18,2018-05-20,Dabbūrīya,Raymund Kneel
85,Matthieu Godley,2018-05-17,2018-05-19,Bokkos,Veronika Rousby
21,Samuele Saile,2015-08-17,2015-08-22,Funehikimachi-funehiki,Abigael Gummary
91,Nathalia Stokell,2017-02-09,2017-02-12,Kuwumkumambal,Cyb Richten
27,Laurette Lutzmann,2017-02-09,2017-02-14,Pigí,Edgard Mereweather
39,Clarabelle Erni,2017-02-09,2017-02-12,Dajabón,Spence Breedy
37,Bartie Birley,2018-05-11,2018-05-18,Saint Louis,Dorthea Avard
37,Early Kleen,2018-05-14,2018-05-18,Edinburgh,Lillis Stancer
52,Dario Bourget,2018-10-29,2018-11-27,Cumanayagua,Marmaduke Frazer
70,Tani Greenman,2018-05-25,2018-05-28,Longhua,Karalynn Flowitt
90,Bendix Cussins,2018-05-19,2018-05-24,Kukuna,Carly Pillifant
2,Darrel Wayland,2015-08-18,2015-08-26,Capiíbary,Kristine Minichi
70,Filippo Stockow,2018-05-21,2018-05-23,Bhawāna,Lee Carnalan
88,Emerson Benn,2018-05-20,2018-05-23,Fullerton,Dee Agerskow
85,Tedda Floodgate,2018-05-21,2018-05-28,Jinsha,Berty McAughtry
90,Leticia Pitford,2018-05-26,2018-05-29,Leipzig,Alair Thomtson
70,Neill Kent,2018-05-28,2018-05-31,Uglegorsk,Rudd Vasilchenko
51,Leonardo Mallard,2018-05-19,2018-05-22,Shimotoda,Jami Durning
5,Beryl Guly,2018-05-17,2018-05-27,Bromma,Ginelle Dronsfield
88,Willy Moland,2018-05-27,2018-05-30,Студеничани,Benedetto Rolin
17,Julie MacEnelly,2018-10-29,2018-11-27,Mekon,Stanleigh Snooks
37,Jenn Corten,2018-05-23,2018-05-27,Porciúncula,Dewey Williscroft
27,Nilson Morsom,2018-05-22,2018-05-27,Casimiro de Abreu,Kylynn Stavers
96,Gib Cess,2018-05-26,2018-05-29,Porto Formoso,Jeanette Lober
73,Cathie Stookes,2018-07-28,2018-08-01,Wiri,Hal Tomovic
81,Kenn Scraggs,2018-06-15,2018-06-17,Māwiyah,Carlota McMenamie
52,Tammara Deshorts,2018-07-11,2018-07-16,Trinidad,Riobard Choake
17,Karrah Cowdry,2018-06-20,2018-06-23,Oskarshamn,Phyllis Coplestone
19,Umeko Stallybrass,2018-09-06,2018-09-09,Whakatane,Gladi Oboy
37,Gerardo Gotthard.sf,2018-06-26,2018-06-27,Qinnan,Kylynn Hof
81,Johannes Kefford,2018-07-04,2018-07-08,Pingtang,Darn Ethridge
51,Kendall Kestin,2018-07-01,2018-07-05,Luntai,Britta Mityashin
36,Margarette Mossdale,2017-02-10,2017-02-13,Meixi,Essa Ghidelli
27,Mamie Fenby,2018-07-29,2018-08-02,La Romana,Vinson Stiddard
72,Skye Chilver,2018-05-31,2018-06-30,Tapes,Pammi Bowdon
57,Martha Quene,2016-09-02,2016-09-05,Göteborg,Adriena Scrafton
73,Marlon Pierton,2018-06-22,2018-06-26,Ferreira do Alentejo,Cully Lamping
27,Rhonda Avrahamoff,2018-07-31,2018-08-07,Gorodets,Arabel Fallen
37,Joshia MacQuist,2018-05-01,2018-05-04,Pitogo,Marsha Workes
81,Myrta Mabson,2018-07-03,2018-07-06,Urayasu,Alie Cawson
51,Wernher Gendricke,2018-07-25,2018-07-29,Zhyrovichy,Burr Rydings
72,Melamie Kivelhan,2018-10-31,2018-11-30,Caldas,Katheryn Meron
72,Charin Ablett,2018-06-30,2018-07-31,Laotai,Renato Forsythe
90,Dickie Pettwood,2018-06-23,2018-06-27,Liushun,Aurelea Tuison
51,Orelia Cesco,2018-06-01,2018-06-05,Sandyford,Sheena Theurer
96,Ralf Albert,2018-06-23,2018-06-25,Kiuola,Neala Hinz
70,Dicky Plascott,2017-02-10,2017-02-12,Uchaly,Joyan Mayward
70,Moore Gregoraci,2017-02-10,2017-02-12,Badrah,Shaw Kubach
98,Addie Gammett,2017-02-10,2017-02-20,Salsipuedes,Blythe Dowrey
67,Angie Mack,2017-02-10,2017-02-12,Světlá nad Sázavou,Virgina Molyneux
81,Bret Mossman,2018-07-05,2018-07-10,Gostagayevskaya,Aleksandr Cota
37,Tildie Tesmond,2018-03-03,2018-04-30,Emnambithi-Ladysmith,Mavra Beaconsall
52,Ebony Casaccio,2018-05-19,2018-06-02,Changxing,Stinky Jimpson
90,Redford Cave,2018-05-30,2018-06-02,São Sebastião do Paraíso,Garnette Silson
71,Tremain Wearne,2018-06-02,2018-06-05,Jinzao,Tomkin Pugh
70,Pattin Shippard,2018-11-29,2018-12-02,Baizhong,Tildy Eaden
39,Robinia Ingraham,2018-05-03,2018-05-06,Bagumbayan,Etan Hakes
98,Antonietta Probetts,2018-05-03,2018-05-07,Tingsryd,Caesar Attenbrow
85,Pincas Marie,2018-04-28,2018-05-02,Sumberjeruk,Tiler Fishly
70,Beverlee Greenroa,2018-05-31,2018-06-02,El Cocuy,Monti Firebrace
88,Melly Drover,2018-06-01,2018-06-07,Bor Tungge,Mersey McIndoe
96,Gnni Pumfrey,2018-05-30,2018-06-03,Pukou,Renaldo Benninger
51,Adoree Bener,2018-05-30,2018-06-01,Cloyne,Jillene Knights
89,Deeann Bernet,2018-06-09,2018-06-11,Ngedhusuba,Max Lovelace
81,Rania Brade,2018-07-09,2018-07-14,Gimry,Kinsley Laroze
52,Brennan Gent,2018-06-05,2018-06-20,Lumbac,Erica Springett
97,Lydia Hollyard,2017-02-10,2017-02-13,Shuqiao,Davina Lequeux
95,Martynne Obee,2017-02-10,2017-02-12,Huanghai,Jilleen Hallas
27,Aeriela Paute,2018-09-03,2018-09-11,Titab,Hiram Chater
95,Carlina Peres,2018-06-22,2018-06-24,Bulubrangsi,Aguie Whetland
37,Lorelle Gregine,2017-02-10,2017-02-12,Gaopi,Danni Janning
52,Obie Triplet,2017-02-10,2017-02-18,Tissa,Reed Pitkins
70,Creigh Matteo,2018-07-09,2018-07-13,Boise,Andi Dietz
85,Vally Edworthie,2018-06-01,2018-06-03,Sumurnanjung,Erena Pauls
81,Robby Buckle,2018-06-05,2018-06-09,Ligonggang,Kerry Treadgear
98,Rebeca Ward,2017-02-11,2017-02-18,Fatumnasi,Marina Hegdonne
67,Yettie Glawsop,2017-02-11,2017-02-18,Shahre Jadide Andisheh,Hussein Toquet
70,Mellisa Lankford,2018-06-02,2018-06-06,Ningtang,Datha Dolby
